{"cameraMode":{"drawMode":0,"name":"Shaded","section":"Shading Mode"},"sceneLighting":true,"audioPlay":false,"sceneViewState":{"showFog":true,"showMaterialUpdate":false,"showSkybox":true,"showFlares":true,"showImageEffects":true,"showParticleSystems":true},"in2DMode":false,"pivot":{"x":865.6611938476563,"y":414.2856140136719,"z":316.80291748046877},"rotation":{"x":0.166836217045784,"y":-0.08412634581327439,"z":0.014439795166254044,"w":0.9822830557823181},"size":832.1005859375,"orthographic":false}